update,policy_loss,value_loss,entropy,imitation_loss,total_loss,batch_size,update_count,rollout_seconds,update_seconds,transitions_per_second
1,0.003254168143030256,10.21115466952324,2.5268264561891556,0.9076042100787163,5.26508405059576,2048.0,1.0,63.93483709997963,5.06303449999541,32.032614657286
2,0.004085304797627032,6.382670998573303,2.5363783463835716,0.9114540107548237,3.3523478880524635,2048.0,2.0,36.655616500007454,1.8286763999785762,55.87138331173842
3,0.005766675982158631,5.882863536477089,2.53803551197052,0.9120958670973778,3.1042372584342957,2048.0,3.0,21.16347189998487,1.2086798999807797,96.77051145854118
4,0.004339509061537683,2.652132697403431,2.5330993086099625,0.9145013634115458,1.4879751335829496,2048.0,4.0,,,
5,0.0006618926709052175,1.6465287990868092,2.5276200398802757,0.8892459571361542,0.9764992874115705,2048.0,5.0,,,
6,0.002371500406297855,3.003865212202072,2.53326952457428,0.8895731698721647,1.6568860411643982,2048.0,6.0,,,
7,0.0015680076030548662,4.851272702217102,2.5340149626135826,0.8845095168799162,2.5787661150097847,2048.0,7.0,,,
8,0.001225555781275034,2.9053103178739548,2.524476557970047,0.8879595715552568,1.6062278747558594,2048.0,8.0,,,
9,0.0020311192783992738,2.5577504336833954,2.5391797572374344,0.9305886290967464,1.4416322521865368,2048.0,9.0,,,
10,0.0008854179613990709,3.48839320987463,2.5442574247717857,0.9190447479486465,1.9034483954310417,2048.0,10.0,,,
11,-1.528079155832529e-05,12.735863491892815,2.5503859370946884,0.924096442759037,6.527231827378273,2048.0,11.0,,,
12,-0.0004830295220017433,6.0963390320539474,2.548658363521099,0.8959275186061859,3.201385349035263,2048.0,12.0,,,
13,0.0011580693353607785,3.682307608425617,2.5497891008853912,0.9202691428363323,2.0008678026497364,2048.0,13.0,,,
14,-0.0028465464420150965,2.1580765768885612,2.5420446693897247,0.8871229309588671,1.2281958907842636,2048.0,14.0,,,
15,0.0021755953930551186,4.811012446880341,2.5464008525013924,0.919043431058526,2.566026482731104,2048.0,15.0,,,
16,0.005996246938593686,2.142528872936964,2.5498656034469604,0.8938502985984087,1.2305320780724287,2048.0,16.0,,,
17,0.000139870768180117,3.201066840440035,2.5553657487034798,0.9019122440367937,1.7555020470172167,2048.0,17.0,,,
18,-0.0008963326690718532,6.087044909596443,2.5507844164967537,0.9053041245788336,3.1981791108846664,2048.0,18.0,,,
19,-0.002493147607310675,7.492377877235413,2.551448740065098,0.9103691186755896,3.9002550914883614,2048.0,19.0,,,
20,-0.0007450329867424443,5.010471381247044,2.5573910251259804,0.9111547879874706,2.661147702485323,2048.0,20.0,,,
21,0.002623635678901337,6.2433405965566635,2.5569427385926247,0.9160685203969479,3.2819381952285767,2048.0,21.0,,,
22,0.005922585172811523,5.718138195574284,2.545610822737217,0.9012017827481031,3.019775938242674,2048.0,22.0,,,
23,0.002421477202005917,3.4814920276403427,2.555577151477337,0.8967856578528881,1.896968849003315,2048.0,23.0,,,
24,0.0009275365155190229,3.6790169179439545,2.55693369358778,0.9063021745532751,1.996127087622881,2048.0,24.0,,,
25,0.0007541131635662168,11.431536301970482,2.5678404346108437,0.9366659726947546,5.878177024424076,2048.0,25.0,,,
26,0.00579916471906472,3.831913258880377,2.563242442905903,0.9257704745978117,2.0812774635851383,2048.0,26.0,,,
27,0.0009933789260685444,5.517367601394653,2.559107542037964,0.9024566318839788,2.9145774617791176,2048.0,27.0,,,
28,0.0023326049267780036,5.237418919801712,2.556200236082077,0.923125870525837,2.7801052667200565,2048.0,28.0,,,
29,0.0039969531644601375,3.9450883120298386,2.5520458295941353,0.9600220173597336,2.1430250518023968,2048.0,29.0,,,
30,0.004750485619297251,5.065902940928936,2.555705949664116,0.9178799018263817,2.695720888674259,2048.0,30.0,,,
31,0.014549919287674129,8.4480592161417,2.565357930958271,0.9499845057725906,4.402922824025154,2048.0,31.0,,,
32,0.001800359328626655,5.272245563566685,2.5663467720150948,0.9294905960559845,2.798157785087824,2048.0,32.0,,,
33,-0.001052597421221435,3.1889451444149017,2.5621925815939903,0.9226913247257471,1.75233631208539,2048.0,33.0,,,
34,-0.0011230351083213463,1.1622213758528233,2.5642828196287155,0.9522526450455189,0.7447953633964062,2048.0,34.0,,,
35,-0.002162347111152485,2.730312090367079,2.570926859974861,0.9240089729428291,1.5220862291753292,2048.0,35.0,,,
36,0.0007399878959404305,1.3450431115925312,2.5766035616397858,0.9258134979754686,0.8326582126319408,2048.0,36.0,,,
37,0.0017358914628857747,2.0855636410415173,2.5893130972981453,0.9092584419995546,1.2004762664437294,2048.0,37.0,,,
38,9.850692003965378e-05,1.5069011468440294,2.5927492305636406,0.9223937261849642,0.9121003374457359,2048.0,38.0,,,
39,0.004172244749497622,2.5876952446997166,2.5929709672927856,0.9173187706619501,1.4555539153516293,2048.0,39.0,,,
40,-0.0016042417992139235,2.658197958022356,2.5882335528731346,0.9120143093168736,1.4840152729302645,2048.0,40.0,,,
41,-0.0009230463620042428,2.331584397703409,2.5793547928333282,0.9139307327568531,1.321861730888486,2048.0,41.0,,,
42,0.00036590296076610684,2.8018173798918724,2.579132854938507,0.9401863422244787,1.5635205172002316,2048.0,42.0,,,
43,0.00122149009257555,4.65312547236681,2.5833461806178093,0.9186866283416748,2.4856880977749825,2048.0,43.0,,,
44,0.00028446895885281265,3.3985159546136856,2.5866584479808807,0.9135236907750368,1.8563805744051933,2048.0,44.0,,,
45,-0.0007291793881449848,6.112456500530243,2.5844609513878822,0.9408955108374357,3.217833586037159,2048.0,45.0,,,
46,0.0007345563208218664,10.366246670484543,2.572868213057518,0.943499781191349,5.346829183399677,2048.0,46.0,,,
47,0.004981653124559671,8.24810416996479,2.5858740732073784,0.9250417556613684,4.288183346390724,2048.0,47.0,,,
48,0.0021455723617691547,11.073370039463043,2.590299665927887,0.9258519522845745,5.698098048567772,2048.0,48.0,,,
49,0.002026249232585542,8.82575510442257,2.5939897298812866,0.9310986343771219,4.575183644890785,2048.0,49.0,,,
50,-0.000978456751909107,6.914041310548782,2.5926525369286537,0.938286904245615,3.617773089557886,2048.0,50.0,,,
51,-0.0005937658715993166,4.483877494931221,2.5952130034565926,0.9403521101921797,2.4034632928669453,2048.0,51.0,,,
52,0.0012614688894245774,9.12705834209919,2.5963494181632996,0.9347313102334738,4.72577341645956,2048.0,52.0,,,
53,0.005116708343848586,6.592985764145851,2.5924208015203476,0.9497296623885632,3.4656313471496105,2048.0,53.0,,,
54,0.00299187473137863,5.116109132766724,2.5941730812191963,0.9166083410382271,2.718426365405321,2048.0,54.0,,,
55,0.00486390916921664,5.6003622636199,2.5954228416085243,0.9330065958201885,2.9656921066343784,2048.0,55.0,,,
56,0.0006335671350825578,2.86947313696146,2.598147928714752,0.9128948114812374,1.5919676143676043,2048.0,56.0,,,
57,-0.000657761367619969,4.058763705193996,2.583192817866802,0.919126333668828,2.186717439442873,2048.0,57.0,,,
58,-0.0010469030094100162,8.953733086585999,2.571812182664871,0.9141115993261337,4.63292384147644,2048.0,58.0,,,
59,-0.002653634059242904,4.519010253250599,2.5842370986938477,0.9314642734825611,2.4173019975423813,2048.0,59.0,,,
60,0.0011862808896694332,2.7371120005846024,2.58882375061512,0.9293848015367985,1.5297309830784798,2048.0,60.0,,,
61,0.0008002343092812225,2.605048667639494,2.5951847806572914,0.9099452346563339,1.459361769258976,2048.0,61.0,,,
62,-0.0015037258272059262,5.272267282009125,2.592750169336796,0.9391710236668587,2.7965366169810295,2048.0,62.0,,,
63,0.0051027417939621955,5.2587234154343605,2.591412864625454,0.9192079622298479,2.792391885071993,2048.0,63.0,,,
64,-0.00024390652833972126,5.2693213522434235,2.607494629919529,0.910196878015995,2.7903812006115913,2048.0,64.0,,,
65,0.0009132099512498826,5.200940392911434,2.6026123762130737,0.9684045575559139,2.7690381929278374,2048.0,65.0,,,
66,0.0007857742166379467,5.499332025647163,2.6091771870851517,0.9416545405983925,2.912690941244364,2048.0,66.0,,,
67,0.009259307917091064,8.71682621538639,2.6108547300100327,0.9507678672671318,4.531717486679554,2048.0,67.0,,,
68,0.008239053800934926,10.989670097827911,2.608457922935486,0.9404947739094496,5.665088474750519,2048.0,68.0,,,
69,0.0030432036437559873,4.075754284858704,2.6107282787561417,0.9732553791254759,2.2094641514122486,2048.0,69.0,,,
70,0.008276738139102235,4.121110640466213,2.6158874928951263,0.9478343576192856,2.2322400361299515,2048.0,70.0,,,
71,-0.0020490627066465095,2.7467588894069195,2.6200665459036827,0.9167962055653334,1.5284889452159405,2048.0,71.0,,,
72,-0.002314232668140903,2.8418421745300293,2.6188823580741882,0.9246588982641697,1.5773498117923737,2048.0,72.0,,,
73,5.933383363299072e-05,5.515982203185558,2.6191679909825325,0.9224828854203224,2.9163553304970264,2048.0,73.0,,,
74,0.0041451818542554975,2.082651000469923,2.6169789656996727,0.9383087661117315,1.2069626450538635,2048.0,74.0,,,
75,-0.0020593689987435937,2.829332575201988,2.6115248799324036,0.9224134013056755,1.5709743462502956,2048.0,75.0,,,
76,-0.0022488356480607763,2.394795723259449,2.620764821767807,0.9485836829990149,1.3586581125855446,2048.0,76.0,,,
77,0.000982942379778251,4.604469992220402,2.6088906452059746,0.9386063367128372,2.4648503102362156,2048.0,77.0,,,
78,-0.0033001713745761663,3.5087475776672363,2.6183677315711975,0.9116137679666281,1.90721270814538,2048.0,78.0,,,
79,0.0012151904229540378,4.179325126111507,2.6170733347535133,0.9103095773607492,2.246768955141306,2048.0,79.0,,,
80,0.0038778796733822674,4.415662974119186,2.6165542975068092,0.9305630270391703,2.371656436473131,2048.0,80.0,,,
81,0.003937945206416771,9.077569350600243,2.5806583017110825,0.8705429546535015,4.691024601459503,2048.0,81.0,20.166144499991788,4.793056399998022,101.55634856235578
82,-0.0039049783008522354,14.710727095603943,2.601141355931759,0.8762393407523632,7.500694960355759,2048.0,82.0,18.476219700009096,0.9339061000209767,110.84518550074351
83,0.0012552695989143103,4.374981738626957,2.5970844849944115,0.8673194628208876,2.336239170283079,2048.0,83.0,23.990554199990584,0.9129472999775317,85.36693162348054
84,0.00033114547841250896,3.4663130044937134,2.573947474360466,0.8962800092995167,1.8870041854679585,2048.0,84.0,25.38685599999735,0.936766600003466,80.67166725963284
85,0.0006446177721954882,7.138537645339966,2.5922556966543198,0.8818225394934416,3.7203554436564445,2048.0,85.0,24.399798899976304,0.8725105999910738,83.9351180063205
86,-0.0029479529766831547,2.9936036616563797,2.5950389727950096,0.8818036075681448,1.6442641839385033,2048.0,86.0,25.315160400001332,0.9050275000045076,80.90013919089733
87,-0.0010185340070165694,6.5372476279735565,2.601494327187538,0.9243429154157639,3.4264588952064514,2048.0,87.0,28.45306889998028,1.4985769999912009,71.97817596404933
88,-0.0011639561271294951,5.353972278535366,2.599646434187889,0.9078455585986376,2.83139481395483,2048.0,88.0,33.25573519998579,0.8871280000021216,61.583362619536224
89,-0.0012083171750418842,6.282460540533066,2.5927462726831436,0.9110950548201799,3.296313513070345,2048.0,89.0,35.182390499976464,0.9653264000080526,58.21093936187679
90,-0.001183962303912267,2.9501324146986008,2.5850921869277954,0.90131850913167,1.6282950341701508,2048.0,90.0,39.0156576000154,0.9588862000091467,52.49174628801314
91,-0.00486891163745895,7.2361491322517395,2.596425749361515,0.9154389854520559,3.7703291848301888,2048.0,91.0,36.6115791000193,0.9013940999866463,55.93858692642188
92,-0.003084746073000133,3.5340604037046432,2.5697522908449173,0.9336307663470507,1.9249740913510323,2048.0,92.0,3786.493021399976,2.0824073999829125,0.5408698731056409
93,0.0002517850589356385,5.587071008980274,2.604124002158642,0.9189952313899994,2.9515451341867447,2048.0,93.0,557.9927774000098,1.2644206999975722,3.670298403400022
94,-0.0008108573965728283,5.393038026988506,2.5787805169820786,0.8891052324324846,2.8477414026856422,2048.0,94.0,62.86298949999036,8.707758600008674,32.57878787327341
95,0.0010537700436543673,4.667324140667915,2.5937540531158447,0.9211049731820822,2.4929992854595184,2048.0,95.0,78.49415870002122,4.737809299986111,26.091113452489893
96,-0.004662471706978977,6.272736221551895,2.6007640436291695,0.9429096188396215,3.2942798919975758,2048.0,96.0,74.95232870001928,4.458615999988979,27.324034296475077
97,-0.001136372215114534,3.198017083108425,2.6010557115077972,0.9098307825624943,1.7538277730345726,2048.0,97.0,84.24444710000535,5.396309399977326,24.310207621979515
98,-0.002231629507150501,4.8912893161177635,2.597688615322113,0.9128025472164154,2.5999966636300087,2048.0,98.0,86.47514510000474,4.572817300009774,23.683105678881223
99,-0.002223312738351524,3.067824937403202,2.6055190563201904,0.8981840312480927,1.6852707527577877,2048.0,99.0,84.69394389999798,5.257667099998798,24.181185875794938
100,-0.0026518589875195175,3.7790949791669846,2.601475991308689,0.9160590786486864,2.044092684984207,2048.0,100.0,80.0216916000063,4.766862999997102,25.59306056958984
101,-8.24356684461236e-05,4.486758977174759,2.5976951643824577,0.9181545618921518,2.400951061397791,2048.0,101.0,82.92915250000078,5.0916191000142135,24.69577872509888
102,-0.0049043913022615016,5.529512479901314,2.5800027325749397,0.8895462807267904,2.911961078643799,2048.0,102.0,83.3201539000147,4.744027700013248,24.57988738784169
103,0.001194070151541382,9.150972202420235,2.5905634611845016,0.9151071198284626,4.733795963227749,2048.0,103.0,78.19352549998439,4.322788999998011,26.191426808098182
104,-0.003147763345623389,3.654007375240326,2.5917968451976776,0.8661552630364895,1.971169013530016,2048.0,104.0,87.5623101000092,4.595693800016306,23.389058576239925
105,-0.001676245708949864,6.7342066913843155,2.5692135840654373,0.9186357017606497,3.52346208691597,2048.0,105.0,84.35140029998729,5.019388599990634,24.27938353976927
106,-0.0025970227434299886,7.424862250685692,2.5820324644446373,0.914851937443018,3.8669841662049294,2048.0,106.0,84.78126519999932,3.2765860999934375,24.156280224985558
107,0.00019694972434081137,12.037090122699738,2.5897094309329987,0.9025999791920185,6.173364832997322,2048.0,107.0,91.77031900000293,5.907448599988129,22.31658364399861
108,-0.00024092273088172078,4.051262058317661,2.586774043738842,0.9041767828166485,2.1803577467799187,2048.0,108.0,85.0636128000042,5.144357100012712,24.076099434139
109,-0.0013960497453808784,5.412109553813934,2.5987461507320404,0.9133165013045073,2.8613345585763454,2048.0,109.0,88.17386099998839,5.011625500017544,23.22683816692874
110,-0.0031591146253049374,8.176022112369537,2.5918448865413666,0.9119543582201004,4.241324260830879,2048.0,110.0,90.81857829997898,5.224065999995219,22.55045210282128
111,0.0002173658285755664,4.675434112548828,2.5819424241781235,0.8683646321296692,2.4857879281044006,2048.0,111.0,80.10450929999934,5.353414500015788,25.566600655776277
112,0.0008135742391459644,3.4956328570842743,2.6061658039689064,0.9028160031884909,1.903131540864706,2048.0,112.0,78.75257839998812,4.52200470000389,26.005497745078387
113,8.168572094291449e-06,3.900330349802971,2.602822594344616,0.8815644383430481,2.1004579924046993,2048.0,113.0,77.13345600001048,4.155811999982689,26.551383876792993
114,0.00012108858209103346,7.241749584674835,2.6042983531951904,0.916733130812645,3.7782994881272316,2048.0,114.0,80.9671961000131,4.655232700024499,25.294194422519574
115,-0.00031584175303578377,2.712942384183407,2.6054132655262947,0.9248741753399372,1.515076044946909,2048.0,115.0,79.42494450000231,4.92443360001198,25.785350092374827
116,-0.002567848132457584,5.017788365483284,2.610515370965004,0.9237176738679409,2.6649646908044815,2048.0,116.0,78.55450490000658,4.249917699984508,26.07107005011279
117,-0.0035163936263415962,3.349342629313469,2.6025941148400307,0.8883393108844757,1.82279684394598,2048.0,117.0,84.3112632999837,4.26334139998653,24.29094191974225
118,-0.0026510471652727574,5.378047361969948,2.6027171462774277,0.8946999609470367,2.8392854295670986,2048.0,118.0,657.8811762999976,285.5240954000037,3.113024165728828
119,-0.001505789696238935,6.053309112787247,2.6188607811927795,0.9237569570541382,3.1837115809321404,2048.0,119.0,109.77666130001307,4.395250500005204,18.65606018389408
120,-0.0019489573314785957,5.204122953116894,2.6021762788295746,0.8944904487580061,2.7529888451099396,2048.0,120.0,78.05582249999861,6.198338300018804,26.237632689092944
121,-0.00585186570242513,6.909889861941338,2.58922528475523,0.9286234527826309,3.608925551176071,2048.0,121.0,92.72844149998855,1.5441586999804713,22.085996128817207
122,-0.0010548203717917204,4.159186750650406,2.5847800225019455,0.8978123739361763,2.232253223657608,2048.0,122.0,36.179485500004375,1.536591700016288,56.60666456961508
123,-0.00034025320201180875,3.0029618442058563,2.5797739401459694,0.8945571463555098,1.6542543806135654,2048.0,123.0,45.31055579998065,1.5250633000105154,45.1991807171978
124,-0.0020720952888950706,3.0060964822769165,2.590867795050144,0.7969816327095032,1.6344638094305992,2048.0,124.0,42.7940641999885,1.5846525999950245,47.857104443951144
125,0.0005298043834045529,3.9712695479393005,2.5825775116682053,0.8587801177054644,2.1320948265492916,2048.0,125.0,36.45401519999723,1.5784946999920066,56.1803683013814
126,0.0017765396041795611,3.9308922439813614,2.595961406826973,0.8702595047652721,2.1153149381279945,2048.0,126.0,57.49146669998299,1.5215472000127193,35.622677895615524
127,-0.001240345649421215,2.8177002295851707,2.6080347299575806,0.8841881491243839,1.558367047458887,2048.0,127.0,36.8718865000119,1.5607862000179011,55.54367281965188
128,-0.002297692379215732,4.352659158408642,2.572001926600933,0.8328325152397156,2.31487837433815,2048.0,128.0,37.895571500004735,1.4859979999891948,54.043254104236006
129,-0.00020641248556785285,5.56086078286171,2.574999623000622,0.8282214310020208,2.9201182946562767,2048.0,129.0,38.949778899986995,2.5152770999993663,52.58052953930077
130,0.0002710728731472045,2.874458760023117,2.580610565841198,0.8540176413953304,1.5824978780001402,2048.0,130.0,90.57839529999183,5.66254150000168,22.610248207832676
131,-0.0012322788243182003,4.158180803060532,2.5577553510665894,0.8502112254500389,2.222322817891836,2048.0,131.0,93.24878490000265,6.506349000002956,21.962752674967476
132,-0.0038339970051310956,8.408110544085503,2.56954238563776,0.8401774913072586,4.342561334371567,2048.0,132.0,90.70720889998483,6.886430400016252,22.578139321408912
133,0.0002484178839949891,8.020187228918076,2.594865158200264,0.8444648217409849,4.153286308050156,2048.0,133.0,88.77538579999236,5.521092999988468,23.069457615358246
134,-0.001094469625968486,5.129141800105572,2.5976786017417908,0.8779134396463633,2.713082328438759,2048.0,134.0,85.38396759997704,5.297483300004387,23.98576755761524
135,0.002370629081269726,2.0780337788164616,2.5902838334441185,0.8703850451856852,1.1895616967231035,2048.0,135.0,11441.380096700013,6.702520599996205,0.1789993849247868
136,-0.002863962930859998,4.417508624494076,2.5691524296998978,0.797498781234026,2.339698575437069,2048.0,136.0,104.51297089998843,8.830632700002752,19.595653844342365
137,-0.0025024200876941904,4.05169453471899,2.5793953835964203,0.8220111150294542,2.1619531214237213,2048.0,137.0,97.2291437999811,6.033397899998818,21.06364326536832
138,-0.00014403919340111315,3.9971342645585537,2.5827446952462196,0.8099307380616665,2.134581796824932,2048.0,138.0,98.3873093999864,6.452239300007932,20.815692719820255
139,0.0017317209276370704,3.0984731763601303,2.595596708357334,0.8910897895693779,1.7032303176820278,2048.0,139.0,96.03089850000106,5.968536700005643,21.326469209282443
140,-0.0021625047083944082,5.201162666082382,2.5915685072541237,0.8728741519153118,2.7470779567956924,2048.0,140.0,101.19227110000793,4.002947500004666,20.238699830898838
141,-0.0004300769651308656,5.615953862667084,2.5885302796959877,0.8514937944710255,2.9519602730870247,2048.0,141.0,97.31800889997976,5.610154599999078,21.044409181294153
142,-0.002977361757075414,6.302528545260429,2.6176722869277,0.8858865648508072,3.299287497997284,2048.0,142.0,87.95149469998432,5.913712399982614,23.285562195230835
143,-0.0010949125280603766,3.3256281837821007,2.617374010384083,0.8891095891594887,1.8133673667907715,2048.0,143.0,91.18908070001635,5.9379661999992095,22.45882932779289
144,0.0008241802861448377,5.304420478641987,2.6087382286787033,0.8365702722221613,2.79426109790802,2048.0,144.0,87.28770509999595,5.570890300004976,23.462639986397065
145,-0.0020595983078237623,6.491603374481201,2.5815166532993317,0.8845121525228024,3.394829347729683,2048.0,145.0,102.48624959998415,5.94759029999841,19.98316855181631
146,-0.0014333134749904275,6.574168846011162,2.6225911378860474,0.8995560295879841,3.4393364414572716,2048.0,146.0,90.35503909998806,6.850265899993246,22.666140376893164
147,-0.002066765242489055,4.753561750054359,2.6242135986685753,0.9048827551305294,2.5294485203921795,2048.0,147.0,95.18438459999743,6.669402400002582,21.51613427566411
148,0.00014475471107289195,10.613397389650345,2.60316651314497,0.8613861426711082,5.453088976442814,2048.0,148.0,87.55208280001534,6.870512299996335,23.391790743322456
149,-0.0011409236758481711,5.471887595951557,2.592473790049553,0.8563673365861177,2.880151618272066,2048.0,149.0,100.59702319998178,6.595883300004061,20.35845529870879
150,-0.0011465906572993845,11.630184531211853,2.5798203870654106,0.8759617041796446,5.963339850306511,2048.0,150.0,86.92754390000482,6.521229399979347,23.559851206147865
151,-0.002704681653995067,5.674468167126179,2.5803759694099426,0.8795644268393517,2.984638538211584,2048.0,151.0,87.87702820001869,6.80878659998416,23.30529424980674
152,-0.004338868602644652,14.42679338157177,2.6178111657500267,0.8590536992996931,7.354690350592136,2048.0,152.0,90.29424370001652,6.886748999997508,22.681401560923923
153,-0.0021871472417842597,5.461219638586044,2.6124250143766403,0.8819159623235464,2.8786816000938416,2048.0,153.0,95.23808430001372,7.075170700001763,21.504002469731585
154,0.0014215467090252787,12.19341142475605,2.617913231253624,0.854712100699544,6.242890574038029,2048.0,154.0,102.50781330000609,6.803479599999264,19.97896486198753
155,-0.003538208402460441,5.035480968654156,2.6507951766252518,0.8580595050007105,2.6593062579631805,2048.0,155.0,98.76325079999515,6.554865099984454,20.736457978154164
156,-0.002840979432221502,6.892544195055962,2.6508407592773438,0.8637199178338051,3.5896666944026947,2048.0,156.0,98.7416076999798,6.436753800022416,20.74100318705282
157,-0.002211658313171938,6.807994484901428,2.6742256954312325,0.9030151311308146,3.555646352469921,2048.0,157.0,97.95858600002248,5.055953400005819,20.90679422424013
158,0.0014649091172032058,4.410580538213253,2.6750762835144997,0.9117048140615225,2.36234537512064,2048.0,158.0,94.31796539999777,5.816292200004682,21.71378476321594
159,-0.0019327705085743219,5.397223599255085,2.6687052100896835,0.8701640386134386,2.8440247774124146,2048.0,159.0,92.0598227000155,4.73655180001515,22.246403913611438
160,-0.0015590749972034246,7.3464162945747375,2.6555741131305695,0.8904814496636391,3.823189564049244,2048.0,160.0,91.17581089999294,5.708009299996775,22.462098003673017
161,0.0035318862210260704,9.208132669329643,2.6546575874090195,0.9365418422967196,4.768360033631325,2048.0,161.0,15.488907199993264,0.6134412999963388,132.22366003980517
162,0.0008555618405807763,4.805506341159344,2.6488207206130028,0.9197850953787565,2.5610775724053383,2048.0,162.0,21.557047800015425,0.3309411999944132,95.00373237556835
163,-0.003563997655874118,2.7132264636456966,2.659206971526146,0.8892290145158768,1.5043029636144638,2048.0,163.0,20.119314499985194,0.38129759998992085,101.79273255067946
164,-0.0009371518390253186,2.953471463173628,2.6776441037654877,0.9214024841785431,1.6333026364445686,2048.0,164.0,19.117998000001535,0.3886310000088997,107.1241873756779
165,0.0037354130763560534,9.703112170100212,2.6838005408644676,0.9110201839357615,5.010657485574484,2048.0,165.0,18.036328499991214,0.3292234000109602,113.54860829913348
166,-0.000636434560874477,10.424732208251953,2.6817390844225883,0.8895579520612955,5.36282392591238,2048.0,166.0,20.26467770000454,0.3226069000083953,101.06254983761923
167,-0.00274284731131047,6.175441987812519,2.686676971614361,0.9283475521951914,3.243780855089426,2048.0,167.0,19.67529569999897,0.37850749999051914,104.08992226734907
168,-0.003568711457774043,7.458890914916992,2.7028373405337334,0.9076766185462475,3.880383715033531,2048.0,168.0,25.365436899999622,0.5236790000053588,80.73978808541754
169,-0.002177549380576238,3.516969423741102,2.6999274864792824,0.8930530976504087,1.907918505370617,2048.0,169.0,16.983616700017592,0.4244458999892231,120.58680057221726
170,-0.002566659517469816,20.45965950191021,2.6813160181045532,0.9202927835285664,10.384508468210697,2048.0,170.0,18.58504870001343,0.3833128999976907,110.1961061849959
171,0.0012929165095556527,5.474112585186958,2.6737214401364326,0.8962116464972496,2.890854347497225,2048.0,171.0,19.782632899994496,0.3028307000058703,103.52514806057842
172,-0.0023048261064104736,6.2482429295778275,2.682997226715088,0.938138959929347,3.282614428550005,2048.0,172.0,19.929670999990776,0.28330199999618344,102.76135516742589
173,-0.00048727390822023153,5.1198605671525,2.677024394273758,0.9099706616252661,2.7146668881177902,2048.0,173.0,20.69954139998299,0.21358579999650829,98.93939002927296
174,0.002236915082903579,3.761900022625923,2.6553474217653275,0.8410746287554502,2.0248483773320913,2048.0,174.0,23.32534600002691,0.33269940002355725,87.8014842737011
175,0.0012900769943371415,9.586462944746017,2.6759984344244003,0.8536664042621851,4.938494868576527,2048.0,175.0,23.65055379999103,0.24958090001018718,86.59416677172172
176,-0.0014491704350803047,5.810166224837303,2.689510263502598,0.9187959991395473,3.060497999191284,2048.0,176.0,17.4062931999797,0.22641180001664907,117.65859488121161
177,-0.0013753600651398301,5.984892264008522,2.6845954954624176,0.9101950731128454,3.1462638154625893,2048.0,177.0,18.153614599985303,0.26124680001521483,112.81499828698897
178,0.0016043887299019843,10.684684574604034,2.6626156866550446,0.8761652763932943,5.492553547024727,2048.0,178.0,18.642289400013397,0.28385740000521764,109.85775169859386
179,-0.00025061157066375017,3.388699948787689,2.6630831584334373,0.907619034871459,1.8489923514425755,2048.0,179.0,21.57222920001368,0.27626120002241805,94.93687374685882
180,-0.0011178262648172677,8.082503028213978,2.675119049847126,0.918787294998765,4.197139989584684,2048.0,180.0,23.568975100002717,0.309624099987559,86.8938929805125
181,-0.0031986846879590303,5.624659240245819,2.673812262713909,0.8746422342956066,2.9573212563991547,2048.0,181.0,24.608648099994753,0.21594500000355765,83.22277565505262
182,0.0013743242161581293,12.21514156460762,2.672299310564995,0.8854205757379532,6.259306222200394,2048.0,182.0,17.82125179999275,0.22993859997950494,114.91897555708366
183,-0.000696899980539456,7.332097589969635,2.654687389731407,0.867586487904191,3.8123223334550858,2048.0,183.0,17.682188000006136,0.2348035000031814,115.82277034942109
184,-0.001858712756074965,5.002252884209156,2.6731720119714737,0.90061816573143,2.6526596583426,2048.0,184.0,18.951517699984834,0.20981469997786917,108.06522371565201
185,-0.00015199340123217553,13.148066595196724,2.669059082865715,0.9209044668823481,6.731371589004993,2048.0,185.0,18.169429500005208,0.26719900002353825,112.7168026931948
186,0.0008963783620856702,10.645373284816742,2.6550124809145927,0.836847772821784,5.464402474462986,2048.0,186.0,17.85938750000787,0.21818209998309612,114.67358553024832
187,-4.816587897948921e-05,13.808066055178642,2.6348480731248856,0.8624496050179005,7.050126247107983,2048.0,187.0,17.28414000000339,0.29179689998272806,118.49013025812093
188,-0.003563237900380045,7.161966994404793,2.6600623354315758,0.8708461187779903,3.724988877773285,2048.0,188.0,18.94510280000395,0.22369959999923594,108.10181510335076
189,-0.0023383155930787325,6.41332470625639,2.6667715832591057,0.8951564785093069,3.3566875755786896,2048.0,189.0,17.81816790002631,0.21665509999729693,114.9388652913623
190,-0.002990334207424894,11.015076398849487,2.639909565448761,0.8811657223850489,5.654381923377514,2048.0,190.0,18.640140500006964,0.2630772000120487,109.87041648099353
191,0.0010530695435591042,7.043367311358452,2.6443099975585938,0.8449101373553276,3.6652757152915,2048.0,191.0,21.761354699992808,0.24784329999238253,94.11178799455334
192,-0.0019914861186407506,6.873484894633293,2.605878934264183,0.8677999973297119,3.582252211868763,2048.0,192.0,22.76978989999043,0.24223360000178218,89.94373724989272
193,0.0004912992008030415,6.1025917530059814,2.6287078708410263,0.875580308958888,3.2006161585450172,2048.0,193.0,23.61905310000293,0.27950390000478365,86.70965729780869
194,-0.002403186954325065,6.3649793565273285,2.6377641558647156,0.8830906227231026,3.330326959490776,2048.0,194.0,32.15299130001222,0.3147210000024643,63.6954733352981
195,-8.21462890598923e-06,4.495225131511688,2.6359794214367867,0.8434857092797756,2.3899416849017143,2048.0,195.0,30.130132699996466,0.2294052999932319,67.97182144505591
196,0.0018035558459814638,6.5707190707325935,2.6259903088212013,0.8220622129738331,3.4253156036138535,2048.0,196.0,23.694810200016946,0.21346389999962412,86.43242898812227
197,-0.0008653163240524009,8.724670395255089,2.651716485619545,0.8841312304139137,4.511778950691223,2048.0,197.0,21.840484599990305,0.25506269998732023,93.77081312568079
198,-0.002594301011413336,7.351991333067417,2.6374685540795326,0.8979139681905508,3.826609455049038,2048.0,198.0,25.067577000008896,0.28939409999293275,81.6991606328475
199,-0.003342930693179369,4.485640548169613,2.626273848116398,0.817372914403677,2.376689188182354,2048.0,199.0,22.759720500005642,0.2373751999984961,89.98353033375311
200,-0.0028414683474693447,8.516549736261368,2.644136592745781,0.8359797317534685,4.39618793874979,2048.0,200.0,22.47658170000068,0.22971149999648333,91.11705807115403
201,-0.0016012638807296753,3.8870567306876183,2.6285583078861237,0.8500428237020969,2.0856500938534737,2048.0,201.0,25.458086400001775,0.35801339999306947,80.44595213565844
202,0.0035646240576170385,5.195550411939621,2.6574289053678513,0.8477536551654339,2.744316279888153,2048.0,202.0,26.02816570000141,0.2229075999930501,78.68399270256256
203,4.654291842598468e-05,8.05110090970993,2.664626605808735,0.8826886303722858,4.175488442182541,2048.0,203.0,23.50671119999606,0.24602970000705682,87.12405502307541
204,-0.0023793843865860254,12.780621767044067,2.6729693487286568,0.8818569928407669,6.537573225796223,2048.0,204.0,24.322901700012153,0.20431650002137758,84.20048007672443
205,-0.0015781992115080357,5.334758602082729,2.668266087770462,0.9228331409394741,2.8236850686371326,2048.0,205.0,25.983075099997222,0.34283189999405295,78.82053960580744
206,-0.0034959569748025388,8.827737897634506,2.678702726960182,0.9049380999058485,4.564573533833027,2048.0,206.0,29.06023170001572,0.299486000003526,70.4743176565551
207,0.003382880851859227,6.704476177692413,2.6672975718975067,0.8896316885948181,3.5068743228912354,2048.0,207.0,31.873143599979812,0.2038812999962829,64.25472258724103
208,0.002193383246776648,7.227649569511414,2.67547070980072,0.8953194823116064,3.768327407538891,2048.0,208.0,25.010295499989297,0.2424380000156816,81.88627759319662
209,-0.003497535682981834,7.3548847287893295,2.6496483832597733,0.8469858728349209,3.816845528781414,2048.0,209.0,23.65705369997886,0.21603919999324717,86.57037456874141
210,-0.0002780691138468683,9.527261734008789,2.6636013984680176,0.8519529365003109,4.90710736066103,2048.0,210.0,21.587665700004436,0.23469149999436922,94.86898808144778
211,0.0005334062880137935,8.641169220209122,2.653886780142784,0.8786879442632198,4.4703167378902435,2048.0,211.0,23.78764379999484,0.2644420000142418,86.09511800409776
212,0.001721315347822383,11.686887875199318,2.665495567023754,0.8758422005921602,5.9936787486076355,2048.0,212.0,24.093252999999095,0.22461389997624792,85.0030504390618
213,0.00030574362608604133,9.80039344727993,2.6897765547037125,0.9046982526779175,5.054544374346733,2048.0,213.0,22.708388200000627,0.2319001999858301,90.18693805841946
214,-0.00021667007240466774,6.6224672719836235,2.686201311647892,0.9007292632013559,3.4643007926642895,2048.0,214.0,23.193444300006377,0.2731103000114672,88.30081351907862
215,0.0028149927529739216,13.429063349962234,2.6793420612812042,0.8823347613215446,6.867020197212696,2048.0,215.0,24.14430060001905,0.2314048999978695,84.82333093543343
216,-0.0010325756811653264,7.027847111225128,2.6744431480765343,0.8941805902868509,3.6649826616048813,2048.0,216.0,23.95301080000354,0.21201529999962077,85.50073379500573
217,0.0007845582294976339,6.933454856276512,2.691689394414425,0.8654125425964594,3.6136776134371758,2048.0,217.0,28.46333830000367,0.2600768000120297,71.95220667421628
218,-0.00244464140268974,6.898301489651203,2.6968479827046394,0.9454845953732729,3.608834557235241,2048.0,218.0,41.493327299976954,0.39625779999187216,49.35733365497391
219,0.00032589095644652843,12.578655302524567,2.6957818046212196,0.9157219137996435,6.445840150117874,2048.0,219.0,38.37828679999802,0.3188337000028696,53.36350761754445
220,-0.0009692494058981538,5.876899316906929,2.6943309158086777,0.9585570264607668,3.1022485122084618,2048.0,220.0,34.423837300011655,0.22692800001823343,59.49365790197093
221,0.00033148605143651366,11.799897104501724,2.699954278767109,0.8995138145983219,6.0531831830739975,2048.0,221.0,24.023784500022884,0.25418610000633635,85.24884994693693
222,0.0001678118424024433,4.506626613438129,2.70707343518734,0.9201687891036272,2.410444125533104,2048.0,222.0,23.706597900018096,0.2335261999978684,86.38945194234036
223,-0.0015251241638907231,9.730442196130753,2.7072727382183075,0.9215668980032206,5.020936697721481,2048.0,223.0,24.26718389999587,0.2587948000000324,84.39380557874902
224,-0.00022762325534131378,15.049227267503738,2.706411302089691,0.8867650423198938,7.674674808979034,2048.0,224.0,48.477628699998604,0.6936415999953169,42.24629081331404
225,-0.0017744333890732378,12.663968950510025,2.6985953748226166,0.9140003118664026,6.48602420091629,2048.0,225.0,68.82012940000277,0.6994217000028584,29.758735094734035
226,0.006472224136814475,8.771757289767265,2.7022403329610825,0.928753549233079,4.551079206168652,2048.0,226.0,56.57881910001743,0.6931428000098094,36.19729136409935
227,0.002973287002532743,9.554736152291298,2.700779691338539,0.912237698212266,4.935781188309193,2048.0,227.0,60.83649380001589,0.6884486000053585,33.6640044827742
228,-0.0025906365845003165,12.042759642004967,2.68008940666914,0.9194288365542889,6.175874099135399,2048.0,228.0,54.546410699986154,0.6890409000043292,37.54600850392013
229,0.0053645833395421505,12.010619536042213,2.698490895330906,0.9180026091635227,6.16728999465704,2048.0,229.0,65.42114120000042,0.6918108999961987,31.304865100702138
230,0.0021002273715566844,6.4011068642139435,2.6817246451973915,0.9228965044021606,3.3604157343506813,2048.0,230.0,55.035880600014934,0.6907506000134163,37.21208741773897
231,0.0026258744328515604,17.94938600063324,2.691495604813099,0.8876172099262476,9.127927422523499,2048.0,231.0,58.044925199996214,0.6889206999912858,35.283015577047095
232,0.0021001223067287356,14.557765990495682,2.6989260837435722,0.907462565228343,7.435486450791359,2048.0,232.0,62.07175629999256,0.6864483999961521,32.99407205592869
233,-0.005656031280523166,7.137844875454903,2.6923434659838676,0.9094205945730209,3.7182271257042885,2048.0,233.0,37.27273509997758,0.34892829999444075,54.9463299247184
234,0.003340614784974605,14.231205552816391,2.6904609724879265,0.9035198017954826,7.272742763161659,2048.0,234.0,23.72292549998383,0.2346092000079807,86.32999332234112
235,-0.0024476938124280423,14.294507265090942,2.6858249977231026,0.9210253469645977,7.302152723073959,2048.0,235.0,24.327125200012233,0.25663689998327754,84.18586179673092
236,-0.0008148386550601572,7.7232004553079605,2.6863992661237717,0.900509662926197,4.014023311436176,2048.0,236.0,24.752417200012133,0.2040506000048481,82.73939403376718
237,-3.5363322240300477e-05,7.803079001605511,2.6717912703752518,0.8782913703471422,4.05044449865818,2048.0,237.0,24.527495100017404,0.2541627000027802,83.49813104227455
238,0.0050796656287275255,7.9730473309755325,2.678195208311081,0.8902436904609203,4.142870120704174,2048.0,238.0,22.62058019998949,0.27446720001171343,90.53702344915766
239,-0.00274542166152969,4.441077262163162,2.6820529103279114,0.884993389248848,2.3679713420569897,2048.0,239.0,34.9860085999826,0.3467806999979075,58.53768640533115
240,0.0057867738214554265,13.53019118309021,2.6788469031453133,0.8795266710221767,6.919999271631241,2048.0,240.0,31.401072800013935,0.2935812000068836,65.22070163154079
241,0.00608640763675794,57.03466796875,2.6896882802248,0.9436144325882196,28.685246378183365,2048.0,241.0,12.361408200027654,0.4862235999898985,165.67691697094983
242,0.0015217472100630403,9.773367285728455,2.6999373137950897,0.9381985627114773,5.048845864832401,2048.0,242.0,14.588563700002851,0.30024650000268593,140.38393649400865
243,-0.0010307585471309721,7.9477217346429825,2.7003024369478226,0.9160735569894314,4.129041753709316,2048.0,243.0,21.019967899977928,0.28394829999888316,97.43116686691755
244,-0.003679609391838312,17.82029926776886,2.69320310652256,0.9236268475651741,9.064263388514519,2048.0,244.0,26.821831199980807,0.32347559998743236,76.35571131330755
245,0.0011753145954571664,11.545442193746567,2.6909196078777313,0.9201459847390652,5.931016489863396,2048.0,245.0,26.174524899979588,0.24829990000580437,78.24401809874291
246,0.0006147297972347587,12.558670282363892,2.6829132363200188,0.9020223803818226,6.433525204658508,2048.0,246.0,23.997836199996527,0.2163886999769602,85.34102753815347
247,0.002364898391533643,11.61394876241684,2.688873775303364,0.9168403670191765,5.965818628668785,2048.0,247.0,28.189331700006733,0.6968373999989126,72.65159819306787
248,-0.0011426484416006133,7.065287575125694,2.7106825411319733,0.9005370549857616,3.684501700103283,2048.0,248.0,60.8582559999777,0.6820452999963891,33.6519666288293
249,-0.0010567407443886623,8.612717285752296,2.6798232346773148,0.8603267520666122,4.450569078326225,2048.0,249.0,64.38602440000977,0.6862723000231199,31.808144998616953
250,0.0006063906766939908,9.64696553349495,2.6742566227912903,0.9037402905523777,4.978094689548016,2048.0,250.0,61.08409349998692,0.7706582999962848,33.527550015953636
251,-0.0005942437564954162,3.638459660112858,2.695756658911705,0.9167620930820704,1.9750304371118546,2048.0,251.0,60.911536399973556,0.6829631000000518,33.622530657441914
252,0.004385131818708032,8.041301295161247,2.6699519902467728,0.8783547170460224,4.174007214605808,2048.0,252.0,61.884164199989755,0.6833382999757305,33.09408839039211
253,-0.0012432719813659787,8.675781577825546,2.66747085750103,0.8976978398859501,4.489512301981449,2048.0,253.0,57.287009699997725,0.943950799992308,35.74981502307462
254,-0.0017777174798538908,13.320822209119797,2.6602235957980156,0.9005118273198605,6.8121334835886955,2048.0,254.0,36.07200880002347,0.26674849999835715,56.775324361715825
255,-0.002814476058119908,12.838432639837265,2.6301490142941475,0.8465956002473831,6.559419482946396,2048.0,255.0,31.565765400009695,0.4250818000000436,64.88041630060935
256,0.0031581789517076686,9.865568563342094,2.657219849526882,0.8670834172517061,5.082786947488785,2048.0,256.0,31.89316099998541,0.24806479999097064,64.21439380063133
257,-0.001815041629015468,10.177166268229485,2.6374331787228584,0.9512779302895069,5.250649265944958,2048.0,257.0,23.586304700002074,0.21989659999962896,86.83004930398529
258,0.004169368912698701,24.193423748016357,2.671583339571953,0.8803762774914503,12.250240623950958,2048.0,258.0,22.573435099999188,0.24233670000103302,90.72611195094865
259,-0.004233380255755037,9.736429020762444,2.6421285271644592,0.909209406003356,5.019401729106903,2048.0,259.0,24.141347500000848,0.25463939999463037,84.83370698342038
260,0.001327262507402338,7.720437094569206,2.6324270889163017,0.8646035473793745,4.0081422701478004,2048.0,260.0,24.69795639999211,0.2974681000050623,82.92184044833176
261,0.0012794933500117622,5.669740170240402,2.663740672171116,0.8639135006815195,2.982294924557209,2048.0,261.0,48.89892779997899,0.3136870999878738,41.88230892050111
262,-0.0023245335032697767,8.584417447447777,2.65557911247015,0.9122307505458593,4.445774555206299,2048.0,262.0,31.66674480002257,0.32785950001562014,64.67352463706786
263,0.00021369304158724844,6.546796023845673,2.6806590855121613,0.8965110629796982,3.426107358187437,2048.0,263.0,31.30922019999707,0.293174500024179,65.41204114691402
264,0.001645352691411972,14.2510616928339,2.6449204608798027,0.9201842192560434,7.284763924777508,2048.0,264.0,24.897411199985072,0.22769629998947494,82.25754812617738
265,-0.0020330281549831852,8.77738243341446,2.6647365167737007,0.9006509408354759,4.5401409566402435,2048.0,265.0,26.47525330001372,0.28473509999457747,77.35525612512039
266,-0.00030031526694074273,6.493154361844063,2.64251372218132,0.9044725000858307,3.4007461816072464,2048.0,266.0,31.023660200007726,0.3177873999811709,66.01413201397462
267,0.0023615953396074474,23.76829645037651,2.650975249707699,0.8598460219800472,12.03196930885315,2048.0,267.0,29.553363200015156,0.21004289999837056,69.29837345886067
268,0.002883778273826465,9.032979235053062,2.6681146398186684,0.9511398151516914,4.682920217514038,2048.0,268.0,23.112034799996763,0.2731295000121463,88.61184303860112
269,-0.006370226328726858,9.583981662988663,2.6819258704781532,0.9114686120301485,4.941095121204853,2048.0,269.0,24.945626900007483,0.20893220001016743,82.0985581244056
270,-0.0012909685901831836,8.97066806256771,2.686194635927677,0.8645140398293734,4.6300839483737946,2048.0,270.0,23.939268499991158,0.21196980000240728,85.54981535884258
271,0.007444159855367616,11.525288701057434,2.683166764676571,0.8921026960015297,5.92167741805315,2048.0,271.0,22.68838649999816,0.20782509999116883,90.26644534639632
272,-0.001385044160997495,10.144314676523209,2.6864735037088394,0.9266503341495991,5.2292375639081,2048.0,272.0,24.71248060002108,0.22159060000558384,82.87310501715692
273,0.0014076473307795823,6.661050170660019,2.6840513795614243,0.8953212257474661,3.4841564744710922,2048.0,273.0,24.987492200016277,0.20826099999248981,81.96100607481794
274,0.0005581810255534947,9.810333862900734,2.6495218947529793,0.8957054149359465,5.058370962738991,2048.0,274.0,22.538036100013414,0.22846330000902526,90.86860944369421
275,-4.006142262369394e-08,11.328927010297775,2.654577948153019,0.8984014764428139,5.817597985267639,2048.0,275.0,22.4461473999836,0.26407449998077936,91.24060193962266
276,-0.0008487441955367103,10.536882355809212,2.672487363219261,0.9396632611751556,5.4288002252578735,2048.0,276.0,23.561893200007034,0.22328619999461807,86.92001031561371
277,0.002563832968007773,9.216601878404617,2.651173487305641,0.903301415964961,4.7650133073329926,2048.0,277.0,46.146927900001174,0.6904362000059336,44.37998569347772
278,0.0025122863589785993,4.885667771100998,2.684817224740982,0.8883117027580738,2.596160303801298,2048.0,278.0,63.99286790000042,0.8492659000039566,32.00356644744135
279,-0.0015817931707715616,9.602866426110268,2.663424640893936,0.845082476735115,4.942233689129353,2048.0,279.0,61.4984492000076,0.7092625999939628,33.301652751265586
280,0.0038723604811821133,8.74688820540905,2.647386133670807,0.9317351710051298,4.5371896252036095,2048.0,280.0,60.00392340001417,0.6864599000255112,34.13110150059815
281,9.346296428702772e-05,18.82943293452263,2.684965394437313,0.8558652531355619,9.55913332104683,2048.0,281.0,66.68592429999262,0.6908285999961663,30.71112864518287
282,0.006021626992151141,12.240353658795357,2.6693715304136276,0.8793725352734327,6.27537927031517,2048.0,282.0,57.391372699989006,0.7757998000015505,35.68480598479207
283,0.0011279251630185172,8.526643767952919,2.681068979203701,0.8705839551985264,4.411755956709385,2048.0,283.0,48.74835680000251,0.22244519999367185,42.01167248369476
284,0.003642697149189189,7.8955018520355225,2.6754807084798813,0.8656517304480076,4.097769148647785,2048.0,284.0,20.430087399989134,0.2518710999866016,100.2443092828418
285,-0.0022168369469000027,9.111640930175781,2.708875633776188,0.8653559200465679,4.699586093425751,2048.0,285.0,22.997472699993523,0.21540709998225793,89.0532636658191
286,0.0006739984382875264,9.114093199372292,2.668308399617672,0.9047597534954548,4.711989425122738,2048.0,286.0,26.794339599990053,0.3369838999933563,76.43405400447938
287,-0.003224589687306434,10.361286595463753,2.6988868191838264,0.8837924096733332,5.327188365161419,2048.0,287.0,26.1566235999926,0.27613729998120107,78.29756742764687
288,-0.005658528141793795,9.280701488256454,2.7042327597737312,0.8758578822016716,4.782821476459503,2048.0,288.0,27.854887000023155,0.2785319999966305,73.5239026458193
289,8.442161924904212e-05,16.189220547676086,2.695619836449623,0.8807033337652683,8.24387912452221,2048.0,289.0,57.71502390000387,0.7058701999776531,35.48469465330781
290,0.0019528840493876487,12.684069529175758,2.6829771921038628,0.8969643376767635,6.496550768613815,2048.0,290.0,63.29844499999308,0.6901959000097122,32.354665268636914
291,-0.006852227073977701,6.050091356039047,2.6603907346725464,0.8243896272033453,3.156467504799366,2048.0,291.0,62.72164239999256,0.6965025000099558,32.652206186492386
292,-0.001632112282095477,10.147056743502617,2.70949774235487,0.8707367330789566,5.218948617577553,2048.0,292.0,63.9269035999896,0.7573296000191476,32.03658999057688
293,0.00134343869285658,11.483710929751396,2.7085779905319214,0.8837579861283302,5.8928647339344025,2048.0,293.0,66.63627640000777,0.7915570999903139,30.734010221491925
294,-0.005176769627723843,14.611223101615906,2.7127773389220238,0.9209289886057377,7.4574927389621735,2048.0,294.0,62.72138380000251,0.7027349999989383,32.65234081139514
295,0.003825093706836924,13.15905848145485,2.7097552195191383,0.9108569007366896,6.738428093492985,2048.0,295.0,61.01527360000182,0.7134093999920879,33.56536616431626
296,-0.0033945912146009505,6.632740885019302,2.717134527862072,0.8715874273329973,3.4601220041513443,2048.0,296.0,60.48988889998873,0.7091813000151888,33.85689802449582
297,-0.0014138255864963867,7.013785660266876,2.7108027413487434,0.932743513956666,3.6649196296930313,2048.0,297.0,59.516070700017735,0.7460343999846373,34.41087383477736
298,-0.0019374161274754442,11.404397428035736,2.679205372929573,0.8823696374893188,5.849943205714226,2048.0,298.0,62.69998659999692,0.7026626000006218,32.663483854717455
299,0.002749210449110251,7.412265971302986,2.678134560585022,0.850637037307024,3.852228321135044,2048.0,299.0,57.65209519999917,0.7804916000168305,35.523427082664455
300,-0.003609189734561369,14.702101171016693,2.7157680988311768,0.906896211206913,7.501662887632847,2048.0,300.0,59.68742239999119,0.698967599979369,34.31208649412715
301,0.0011927472369279712,9.239911213517189,2.7154607474803925,0.8863329477608204,4.77126032859087,2048.0,301.0,62.12492529998417,0.7018377000058535,32.96583440721693
302,0.0031114446464926004,23.957549184560776,2.706623136997223,0.8710389621555805,12.129027605056763,2048.0,302.0,62.14995270001236,0.6749584000208415,32.952559270404606
303,0.0011501181215862744,8.409873977303505,2.6942634731531143,0.8833518028259277,4.355814836919308,2048.0,303.0,63.10073289999855,0.6755010000197217,32.45604140994133
304,-0.0012601333728525788,13.396851658821106,2.677073135972023,0.9055174849927425,6.851498439908028,2048.0,304.0,61.887581999995746,0.7233556999999564,33.09226073819043
305,0.003372171922819689,13.292976886034012,2.6601900905370712,0.9009360261261463,6.803445875644684,2048.0,305.0,58.308432599995285,0.6838125000067521,35.123564614565986
306,0.00014720061153639108,7.006126269698143,2.691419929265976,0.8373106624931097,3.643758252263069,2048.0,306.0,57.356744099990465,0.675499699980719,35.70635035401775
307,0.0009875843534246087,10.556152433156967,2.690054066479206,0.8576773293316364,5.4236986711621284,2048.0,307.0,62.63875720000942,0.677266700018663,32.69541241791579
308,9.325158316642046e-07,12.571961671113968,2.6772362515330315,0.8510701153427362,6.429423421621323,2048.0,308.0,56.85546619998058,0.680990799999563,36.021162728601446
309,0.0020968321769032627,15.841374546289444,2.68756927549839,0.8242117669433355,8.060750797390938,2048.0,309.0,58.2872465000255,0.6861375999869779,35.136331238414286
310,0.008109785878332332,28.215536653995514,2.682037152349949,0.8425303194671869,14.257563561201096,2048.0,310.0,62.04867530000047,0.6732361000031233,33.00634526197507
311,0.0015497360582230613,10.782685413956642,2.70956140011549,0.8999942317605019,5.545795634388924,2048.0,311.0,63.30694460001541,0.7048664000176359,32.350321326351
312,5.419370427262038e-05,7.87948477268219,2.6746319234371185,0.8835692461580038,4.089764133095741,2048.0,312.0,54.768513899995014,0.701589000003878,37.393747870164255
313,-0.0041989578458014876,9.845361024141312,2.702184036374092,0.8751542679965496,5.066490568220615,2048.0,313.0,64.63645279998309,0.7236082000017632,31.684907065329178
314,-0.005766481757746078,6.6368008106946945,2.69526893645525,0.8394365683197975,3.453568510711193,2048.0,314.0,64.89210349999485,0.7851190000073984,31.560080341673046
315,0.021018387691583484,26.283739984035492,2.679198257625103,0.894351901486516,13.314966604113579,2048.0,315.0,66.73855569999432,0.69507670000894,30.686909216409283
316,0.0010471198183950037,9.490372464060783,2.6720617935061455,0.8380636591464281,4.887125462293625,2048.0,316.0,66.96439059998374,0.6887493999965955,30.58341876406917
317,0.00021193175052758306,13.225086852908134,2.650226913392544,0.8945873454213142,6.765170559287071,2048.0,317.0,60.38650670001516,0.9136301999969874,33.91486131453082
318,-0.004499813920119777,12.103828608989716,2.6748283356428146,0.8836496789008379,6.197396159172058,2048.0,318.0,71.38695509999525,0.7731743999756873,28.688714865779957
319,-0.002534308354370296,11.453173771500587,2.703899845480919,0.9338233582675457,5.883778288960457,2048.0,319.0,66.101710500021,0.7880388999765273,30.982556797820678
320,0.008993119648948777,13.401714012026787,2.6887930259108543,0.8357186950743198,6.850105933845043,2048.0,320.0,64.73876239999663,0.7011566000001039,31.634833970816015
321,0.0019826732604997233,10.086211904883385,2.7149570137262344,0.8850207719951868,5.1949432939291,2048.0,321.0,65.51203119999263,0.8918844000145327,31.2614333960726
322,0.006928305781912059,10.358398228883743,2.6990809217095375,0.8302578385919333,5.3251882418990135,2048.0,322.0,67.75647469999967,0.7551254999998491,30.225893673892834
323,0.006429732165997848,16.281454145908356,2.6918999552726746,0.910268809646368,8.302291557192802,2048.0,323.0,69.6521624000161,0.7517356000025757,29.403250802727793
324,0.000822677175165154,10.236058995127678,2.685219883918762,0.8814058732241392,5.268281243741512,2048.0,324.0,64.2697359000158,0.7428283000190277,31.865698082003423
325,-0.0018790664325933903,6.239449724555016,2.6936219930648804,0.8862364124506712,3.2681568935513496,2048.0,325.0,62.78659160001553,0.8215595000074245,32.61842931444448
326,0.0020559299155138433,16.14975419640541,2.6987102404236794,0.8591604102402925,8.221777960658073,2048.0,326.0,69.0919630000135,0.8179959999979474,29.64165311093564
327,0.002235603635199368,12.48475082218647,2.6851199939846992,0.8830661047250032,6.394373036921024,2048.0,327.0,62.35048409999581,0.8173494999937247,32.8465773692387
328,-0.0006586581002920866,11.756523594260216,2.676621690392494,0.8778923768550158,6.026415392756462,2048.0,328.0,62.1807875999948,0.5305296999868006,32.936218389105306
329,-0.002524413779610768,10.79197995364666,2.711561657488346,0.8683343846350908,5.540016777813435,2048.0,329.0,72.52560839999933,0.7559449000109453,28.238301548670897
330,-0.0008205432968679816,11.857735350728035,2.6790088936686516,0.8782979026436806,6.076916612684727,2048.0,330.0,67.28182390000438,0.8567545000114478,30.43912726033972
331,0.0014871796302031726,20.024934470653534,2.6879435181617737,0.9205206446349621,10.171179071068764,2048.0,331.0,67.57735539998976,0.8110685000137892,30.30600987383875
332,0.0032497992797289044,5.74871326982975,2.6956019327044487,0.8659818358719349,3.02384677529335,2048.0,332.0,77.58662320001167,0.8272836999967694,26.39630281009178
333,0.00040896370774134994,12.076520025730133,2.736262395977974,0.8687337953597307,6.185053043067455,2048.0,333.0,73.28189749998273,0.8180665999825578,27.946874601609252
334,-0.006632657736190595,12.199799507856369,2.7004379853606224,0.8547697886824608,6.237216621637344,2048.0,334.0,70.66060579998884,0.8802337000088301,28.98361791288695
335,0.003973914368543774,9.224764168262482,2.693357951939106,0.8903232552111149,4.767487071454525,2048.0,335.0,67.24253930000123,0.95753159999731,30.456910481367895
336,0.0015064167964737862,15.22714278101921,2.7111578956246376,0.865902392193675,7.761146694421768,2048.0,336.0,70.75728920000256,0.8885868999932427,28.944014435193
337,-0.0012603838404174894,12.511589959263802,2.6954521015286446,0.8299824614077806,6.393576569855213,2048.0,337.0,70.09853790001944,0.803876100020716,29.216015930618035
338,-0.002210369551903568,12.890220493078232,2.7249346375465393,0.8871476408094168,6.593080103397369,2048.0,338.0,72.01476649998222,0.8595585000002757,28.438611961624645
339,-0.003751774856937118,10.66985259950161,2.7261017337441444,0.8990471474826336,5.483722887933254,2048.0,339.0,73.64642480001203,0.9092492999916431,27.80854611152374
340,-0.0014133425866020843,12.594233438372612,2.6882427260279655,0.8859194777905941,6.446004800498486,2048.0,340.0,72.34336800000165,0.768365800002357,28.309436740627742
341,-0.004255988402292132,5.206368438899517,2.6894607916474342,0.9104694463312626,2.7541274949908257,2048.0,341.0,68.51159509998979,0.8654495000082534,29.892750227330573
342,0.001905167882796377,29.689677298069,2.667405903339386,0.8210371006280184,14.984277158975601,2048.0,342.0,80.01461810001638,0.873500999994576,25.595323062593994
343,-0.0004800357128260657,16.052471935749054,2.6805934086441994,0.864154813811183,8.171781048178673,2048.0,343.0,75.49844520000624,0.9422031000140123,27.12638643848298
344,0.0032577973179286346,8.087533235549927,2.694591872394085,0.883313488215208,4.196741230785847,2048.0,344.0,72.64347169999382,0.905356600007508,28.192485189280596
345,0.006024780421284959,19.900201380252838,2.695092223584652,0.855130560696125,10.100200593471527,2048.0,345.0,72.6282395000162,0.8367395999957807,28.198397952349417
346,0.0009733129627420567,12.946686655282974,2.6973025128245354,0.8770674429833889,6.62275704741478,2048.0,346.0,74.25071379999281,0.8047210999939125,27.582226421642808
347,0.01046701979066711,11.006099224090576,2.702693648636341,0.8752600885927677,5.66154170781374,2048.0,347.0,67.80780720000621,0.7757882000005338,30.203011785342213
348,0.0009455087565584108,17.866955280303955,2.699203237891197,0.874634888023138,9.082357943058014,2048.0,348.0,71.20034390001092,0.7508807999838609,28.763906012533823
349,0.0016704904555808753,9.828446865081787,2.6967921257019043,0.8840587623417377,5.065737694501877,2048.0,349.0,65.7965978999855,0.8468273999751545,31.12622940038745
350,0.00035416134051047266,6.997813478112221,2.70197394490242,0.9007483012974262,3.652390778064728,2048.0,350.0,65.72809339998639,0.7894092999922577,31.15867042631156
351,0.009979629248846322,15.771039545536041,2.7220098450779915,0.8821531124413013,8.044710025191307,2048.0,351.0,68.776371200016,0.7355153000098653,29.777668758416894
352,0.002275565348099917,11.454194813966751,2.707132004201412,0.8378988653421402,5.869881510734558,2048.0,352.0,69.30579529999522,0.8165402999729849,29.550198380021204
353,-0.001125550305005163,12.317531540989876,2.7166192308068275,0.9118821751326323,6.312850460410118,2048.0,353.0,71.56234859998222,0.8163421000062954,28.618401157400093
354,0.0016353990067727864,16.22404158115387,2.7170559018850327,0.8572265766561031,8.257931038737297,2048.0,354.0,68.18804009997984,0.7854097999806982,30.03459253260757
355,-0.004120263358345255,9.790183648467064,2.7257729172706604,0.8699128814041615,5.037696361541748,2048.0,355.0,72.98622500000056,0.9315811999840662,28.06008942098299
356,0.0008351530123036355,17.209917455911636,2.7025039568543434,0.8824620433151722,8.755261152982712,2048.0,356.0,74.03310979998787,0.8466631999763194,27.663298293601272
357,0.003772350144572556,10.665979340672493,2.682473160326481,0.888945946469903,5.487726427614689,2048.0,357.0,67.71418869998888,0.867717499990249,30.244769070095
358,-0.002310349082108587,10.78828838467598,2.719362437725067,0.8910969011485577,5.542859584093094,2048.0,358.0,73.32028529999661,0.8511422000010498,27.932242647725957
359,0.007122330425772816,12.315065786242485,2.6815629079937935,0.8709905873984098,6.312037706375122,2048.0,359.0,70.96084839999094,0.8483889999915846,28.860985264097568
360,-0.0014829051215201616,7.907846599817276,2.6771415919065475,0.8637653030455112,4.098422035574913,2048.0,360.0,63.725898700009566,0.8767400000069756,32.13764013970183
361,-0.00335431017447263,25.881646811962128,2.65378787368536,0.8248045425862074,13.075892224907875,2048.0,361.0,72.04980209999485,0.8254022999899462,28.42478314038487
362,-0.0021579465246759355,7.137675181031227,2.6801642179489136,0.8554584961384535,3.7109696716070175,2048.0,362.0,66.16906780001591,0.7952838000201155,30.951017871216067
363,0.005154594895429909,7.348385155200958,2.70248693972826,0.892076613381505,3.8307376354932785,2048.0,363.0,67.53235059999861,0.8045244000095408,30.326206355980776
364,-0.002521148097002879,6.080187529325485,2.709449015557766,0.8698815498501062,3.1844544485211372,2048.0,364.0,68.99912180000683,0.7651585999992676,29.68153719312696
365,-0.0010065858659800142,7.6643145233392715,2.6833971813321114,0.8905483912676573,3.982426345348358,2048.0,365.0,59.59255239999038,0.7513308000052348,34.366710562314
366,-0.001026066136546433,8.576408252120018,2.693559005856514,0.8456802703440189,4.429378509521484,2048.0,366.0,69.38357109998469,0.7741128999914508,29.51707396335574
367,-0.0016925904928939417,13.352772921323776,2.7114627361297607,0.9138106610625982,6.830341413617134,2048.0,367.0,74.87045880002552,0.8310192000062671,27.35391278247786
368,0.004661890110583045,13.647522807121277,2.716491401195526,0.9243008214980364,6.9861185401678085,2048.0,368.0,66.43968480001786,0.7985175999929197,30.824950572303884
369,0.00617567912559025,18.8124822974205,2.7310151383280754,0.9176990389823914,9.568646550178528,2048.0,369.0,69.52594650001265,0.7606667999934871,29.45662882848531
370,0.0009578829340171069,11.64675298333168,2.717170335352421,0.8686675261706114,5.970896154642105,2048.0,370.0,71.05080150000867,0.7765780000190716,28.824446125350885
371,0.002533765189582482,11.616863742470741,2.685044325888157,0.8413442950695753,5.952384062111378,2048.0,371.0,69.3816216000123,0.7766206999949645,29.517903340553186
372,-0.0012524920603027567,6.217565879225731,2.699109807610512,0.8689046055078506,3.25432026386261,2048.0,372.0,68.23405490000732,0.9240420999994967,30.0143381922885
373,0.004795821238076314,15.56200185418129,2.7034332901239395,0.8991629537194967,7.938594937324524,2048.0,373.0,64.46092040001531,0.7956980000017211,31.771187679155656
374,0.002358424215344712,10.750235244631767,2.7035331577062607,0.8603000659495592,5.522500790655613,2048.0,374.0,63.27873280001222,0.878828600019915,32.36474419411263
375,0.005150824712472968,8.724454864859581,2.700126752257347,0.9327077977359295,4.526918530464172,2048.0,375.0,67.38880420001806,0.7360304000030737,30.390804886836843
376,0.0013686265738215297,17.88576552271843,2.6965464428067207,0.8986979816108942,9.097025617957115,2048.0,376.0,73.68695370000205,0.8557727999868803,27.793251005298963
377,0.0023167741019278765,14.236637473106384,2.7145195826888084,0.8570771664381027,7.264905720949173,2048.0,377.0,68.76120649999939,0.7851217999996152,29.7842359703217
378,-0.0021295308542903513,20.665268123149872,2.6951920613646507,0.8707967903465033,10.477712005376816,2048.0,378.0,68.1653965000005,0.7346612999972422,30.044569607982623
379,-0.00032490977901034057,12.765998557209969,2.7065736800432205,0.8368757162243128,6.5229838117957115,2048.0,379.0,67.27866489998996,0.7746817999868654,30.440556498027437
380,9.202814544551075e-05,15.781891942024231,2.7049746736884117,0.8418126348406076,8.032350793480873,2048.0,380.0,63.971559500001604,0.7636702000163496,32.01422657204329
381,0.0012896797416033223,23.796755611896515,2.6793765500187874,0.820086844265461,12.036890968680382,2048.0,381.0,67.29841629997827,0.8317440999962855,30.431622504624396
382,0.002506715783965774,14.14407368004322,2.688752643764019,0.8840143010020256,7.224458947777748,2048.0,382.0,72.33693660001154,0.7384124000091106,28.311953702497174
383,-0.006374763383064419,14.709531038999557,2.723186492919922,0.8500111363828182,7.491161152720451,2048.0,383.0,63.07033690001117,0.8109556999988854,32.47168321372384
384,0.0018937174099846743,10.786632522940636,2.689238376915455,0.8298607245087624,5.534289762377739,2048.0,384.0,67.47544249999919,0.8586937999934889,30.351783169114075
385,0.001975906459847465,11.422536000609398,2.672941245138645,0.8476879876106977,5.856052167713642,2048.0,385.0,75.9698783000058,0.8425870999926701,26.958052926087728
386,0.0015492763996007852,7.164247453212738,2.651955395936966,0.8456892035901546,3.7262913584709167,2048.0,386.0,74.98145419999491,0.7905825999914669,27.313420656492667
387,0.0004614589997800067,11.884944558143616,2.692451238632202,0.8372248914092779,6.083454251289368,2048.0,387.0,71.3399250000075,0.7831433000101242,28.707627601231493
388,0.001111952617065981,12.317138954997063,2.6692453026771545,0.8610598668456078,6.305200934410095,2048.0,388.0,68.04635920000146,0.8810438999789767,30.097128253115354
389,-0.0038267049530986696,12.267906248569489,2.6590187400579453,0.8407854959368706,6.27169331908226,2048.0,389.0,71.98337029997492,0.8286665999912657,28.451015720233837
390,0.0027195823786314577,17.330746352672577,2.6856812238693237,0.7913389764726162,8.799503788352013,2048.0,390.0,63.0362027999945,0.7651920999924187,32.48926662822683
391,0.001081606576917693,5.727976635098457,2.6701691150665283,0.8864017277956009,3.0156486444175243,2048.0,391.0,72.44171559999813,0.8577409999852534,28.27100356524484
392,0.008117327990476042,16.34598532319069,2.689458481967449,0.7996426112949848,8.314143985509872,2048.0,392.0,76.27540499999304,0.8588139000057708,26.850070478159857
393,-0.0007357561844401062,13.196716070175171,2.689308576285839,0.8210381958633661,6.734936892986298,2048.0,393.0,73.36468490000698,0.8003033999993932,27.915338323763525
394,0.000278224004432559,25.95988041162491,2.706558108329773,0.8393856883049011,13.121030047535896,2048.0,394.0,74.3626052000036,0.7234468999959063,27.540724191840187
395,-0.0004164779093116522,17.362268537282944,2.7043924927711487,0.8451454322785139,8.8227029889822,2048.0,395.0,61.14522259999649,0.7017971000168473,33.494031306382354
396,0.0062401055911323056,20.888393938541412,2.6870529800653458,0.842129385098815,10.591992393136024,2048.0,396.0,67.12854370000423,0.7262225999729708,30.508631457170594
397,0.0014538070099661127,12.123472511768341,2.698749989271164,0.9257787875831127,6.221358336508274,2048.0,397.0,64.37568320002174,0.6960411999898497,31.81325460479631
398,0.006334024365060031,14.275988429784775,2.675285592675209,0.8035179227590561,7.278279021382332,2048.0,398.0,68.78183749999152,0.8772698999964632,29.775302237313046
399,0.011200144203030504,26.019762814044952,2.657713435590267,0.8579391278326511,13.166092187166214,2048.0,399.0,75.02894479999668,0.8813989000045694,27.296132252150382
400,0.004123588762013242,34.72407215833664,2.668160878121853,0.8355190753936768,17.506581634283066,2048.0,400.0,74.77140760002658,1.249558400013484,27.39014906547342
401,-0.0004662697610910982,6.934776797890663,2.6941695138812065,0.8316896818578243,3.606318347156048,2048.0,401.0,78.52936990000308,0.8727943999983836,26.079414652223253
402,0.003936146167689003,14.130172029137611,2.692621663212776,0.8689112346619368,7.215878278017044,2048.0,402.0,71.20442860000185,0.8623628000204917,28.762255947658105
403,-0.0010247233003610745,10.220517113804817,2.7133054584264755,0.8517621010541916,5.252453200519085,2048.0,403.0,68.04762570001185,0.8651727999967989,30.096568086425435
404,-0.00119422996067442,14.321245700120926,2.7099171429872513,0.8645246736705303,7.305234506726265,2048.0,404.0,77.64795969999977,0.8701276000065263,26.37545156257346
405,-0.0018404382572043687,9.021570272743702,2.680797301232815,0.8915417212992907,4.660445004701614,2048.0,405.0,71.38088889999199,0.8847225999925286,28.691152934076587
406,-0.00236546722589992,14.984924793243408,2.6946348771452904,0.8588842488825321,7.63492751121521,2048.0,406.0,75.42745620000642,0.8572444000164978,27.151916598770644
407,0.0033181789476657286,10.985597416758537,2.6809062734246254,0.8766773529350758,5.644643321633339,2048.0,407.0,70.81130939998548,0.848831200011773,28.92193376105569
408,-0.0011882735416293144,3.9801020845770836,2.697564013302326,0.8392932564020157,2.1297457925975323,2048.0,408.0,78.40367820000392,0.8647857999894768,26.121223481067467
409,0.002734800218604505,9.81695182621479,2.7080041840672493,0.828915435820818,5.049913801252842,2048.0,409.0,69.0853250999935,0.9985229000158142,29.644501159048506
410,0.0003263169201090932,14.810644805431366,2.707932896912098,0.8590791057795286,7.550385355949402,2048.0,410.0,72.83411490000435,0.7837077000003774,28.118691396356596
411,0.004081207589479163,10.71198719739914,2.6870380491018295,0.8788226097822189,5.508968889713287,2048.0,411.0,86.87155260000145,1.0696858000010252,23.575036231135183
412,0.0015706365811638534,11.781369000673294,2.7047879695892334,0.9419885464012623,6.053604982793331,2048.0,412.0,78.09748920000857,0.979152999992948,26.223634344441578
